{
    "loss": 0.36159172654151917,
    "accuracy": 0.9568345546722412
}