{
    "loss": 0.7987131476402283,
    "accuracy": 0.9496402740478516
}